{
  "best": {
    "accuracy01": 0.674582241340594,
    "f1_score": 0.7111416162085189,
    "loss": 0.7128531152256353
  },
  "last": {
    "accuracy01": 0.674582241340594,
    "f1_score": 0.7111416162085189,
    "loss": 0.7128531152256353
  },
  "train.8": {
    "accuracy01": 0.674582241340594,
    "f1_score": 0.7111416162085189,
    "loss": 0.7128531152256353
  },
  "epoch_0": [
    "logs/google/bert_uncased_L-8_H-512_A-8/checkpoints/train.1.pth",
    0.565523313527162,
    {
      "accuracy01": 0.565523313527162,
      "f1_score": 0.602950967726693,
      "loss": 0.6761416121334394
    }
  ],
  "epoch_1": [
    "logs/google/bert_uncased_L-8_H-512_A-8/checkpoints/train.2.pth",
    0.6033421362977129,
    {
      "accuracy01": 0.6033421362977129,
      "f1_score": 0.6638655648821722,
      "loss": 0.6480029249725998
    }
  ],
  "epoch_2": [
    "logs/google/bert_uncased_L-8_H-512_A-8/checkpoints/train.3.pth",
    0.6336851427716551,
    {
      "accuracy01": 0.6336851427716551,
      "f1_score": 0.692419569800775,
      "loss": 0.6329969052379344
    }
  ],
  "epoch_3": [
    "logs/google/bert_uncased_L-8_H-512_A-8/checkpoints/train.4.pth",
    0.6301671141265464,
    {
      "accuracy01": 0.6301671141265464,
      "f1_score": 0.6757228844183678,
      "loss": 0.6393285486241026
    }
  ],
  "epoch_4": [
    "logs/google/bert_uncased_L-8_H-512_A-8/checkpoints/train.5.pth",
    0.6649076589231646,
    {
      "accuracy01": 0.6649076589231646,
      "f1_score": 0.7338782945714583,
      "loss": 0.6380460381298185
    }
  ],
  "epoch_5": [
    "logs/google/bert_uncased_L-8_H-512_A-8/checkpoints/train.6.pth",
    0.6653474150594116,
    {
      "accuracy01": 0.6653474150594116,
      "f1_score": 0.7089593108987879,
      "loss": 0.6641184871225057
    }
  ],
  "epoch_6": [
    "logs/google/bert_uncased_L-8_H-512_A-8/checkpoints/train.7.pth",
    0.6684256895996546,
    {
      "accuracy01": 0.6684256895996546,
      "f1_score": 0.7079260256933703,
      "loss": 0.6921971434941915
    }
  ],
  "epoch_7": [
    "logs/google/bert_uncased_L-8_H-512_A-8/checkpoints/train.8.pth",
    0.674582241340594,
    {
      "accuracy01": 0.674582241340594,
      "f1_score": 0.7111416162085189,
      "loss": 0.7128531152256353
    }
  ]
}