{
  "best": {
    "accuracy01": 0.6842568161829378,
    "f1_score": 0.7061439879381834,
    "loss": 0.6338570188983241
  },
  "last": {
    "accuracy01": 0.6763412489006156,
    "f1_score": 0.6992000670100926,
    "loss": 0.772190162438569
  },
  "train.4": {
    "accuracy01": 0.6842568161829378,
    "f1_score": 0.7061439879381834,
    "loss": 0.6338570188983241
  },
  "epoch_0": [
    "logs/albert-base-v2/checkpoints/train.1.pth",
    0.6464379947229555,
    {
      "accuracy01": 0.6464379947229555,
      "f1_score": 0.722544708296687,
      "loss": 0.6350938290383805
    }
  ],
  "epoch_1": [
    "logs/albert-base-v2/checkpoints/train.2.pth",
    0.6574318381706244,
    {
      "accuracy01": 0.6574318381706244,
      "f1_score": 0.6657536541441554,
      "loss": 0.6178342373148848
    }
  ],
  "epoch_2": [
    "logs/albert-base-v2/checkpoints/train.3.pth",
    0.670184696569921,
    {
      "accuracy01": 0.670184696569921,
      "f1_score": 0.6925074339322362,
      "loss": 0.6073479610466598
    }
  ],
  "epoch_3": [
    "logs/albert-base-v2/checkpoints/train.4.pth",
    0.6842568161829378,
    {
      "accuracy01": 0.6842568161829378,
      "f1_score": 0.7061439879381834,
      "loss": 0.6338570188983241
    }
  ],
  "epoch_4": [
    "logs/albert-base-v2/checkpoints/train.5.pth",
    0.6763412489006156,
    {
      "accuracy01": 0.6763412489006156,
      "f1_score": 0.6992000670100926,
      "loss": 0.772190162438569
    }
  ]
}