{
  "best": {
    "accuracy01": 0.6416007241032684,
    "f1_score": 0.7032743933778923,
    "loss": 0.6405558977718404
  },
  "last": {
    "accuracy01": 0.6376429395184982,
    "f1_score": 0.6905515343505987,
    "loss": 0.6369392602928076
  },
  "train.3": {
    "accuracy01": 0.6416007241032684,
    "f1_score": 0.7032743933778923,
    "loss": 0.6405558977718404
  },
  "epoch_0": [
    "logs/google/bert_uncased_L-4_H-256_A-4/checkpoints/train.1.pth",
    0.5584872631567448,
    {
      "accuracy01": 0.5584872631567448,
      "f1_score": 0.5768738901195993,
      "loss": 0.6850938804860481
    }
  ],
  "epoch_1": [
    "logs/google/bert_uncased_L-4_H-256_A-4/checkpoints/train.2.pth",
    0.5817942126287952,
    {
      "accuracy01": 0.5817942126287952,
      "f1_score": 0.6039938887129228,
      "loss": 0.6703190020332237
    }
  ],
  "epoch_2": [
    "logs/google/bert_uncased_L-4_H-256_A-4/checkpoints/train.3.pth",
    0.6416007241032684,
    {
      "accuracy01": 0.6416007241032684,
      "f1_score": 0.7032743933778923,
      "loss": 0.6405558977718404
    }
  ],
  "epoch_3": [
    "logs/google/bert_uncased_L-4_H-256_A-4/checkpoints/train.4.pth",
    0.6376429395184982,
    {
      "accuracy01": 0.6376429395184982,
      "f1_score": 0.6905515343505987,
      "loss": 0.6369392602928076
    }
  ]
}