{
  "best": {
    "accuracy01": 0.6662269340026973,
    "f1_score": 0.7451604659312734,
    "loss": 0.6155842407397674
  },
  "last": {
    "accuracy01": 0.6631486592003412,
    "f1_score": 0.7362526119067284,
    "loss": 0.6147939194003635
  },
  "train.11": {
    "accuracy01": 0.6662269340026973,
    "f1_score": 0.7451604659312734,
    "loss": 0.6155842407397674
  },
  "epoch_0": [
    "logs/google/bert_uncased_L-4_H-256_A-4/checkpoints/train.1.pth",
    0.6108179601956168,
    {
      "accuracy01": 0.6108179601956168,
      "f1_score": 0.7405957346051986,
      "loss": 0.669073261497518
    }
  ],
  "epoch_1": [
    "logs/google/bert_uncased_L-4_H-256_A-4/checkpoints/train.2.pth",
    0.6244503272240272,
    {
      "accuracy01": 0.6244503272240272,
      "f1_score": 0.7503478245445562,
      "loss": 0.6582914913235369
    }
  ],
  "epoch_2": [
    "logs/google/bert_uncased_L-4_H-256_A-4/checkpoints/train.3.pth",
    0.6306068804459083,
    {
      "accuracy01": 0.6306068804459083,
      "f1_score": 0.752728735335815,
      "loss": 0.6496375277048678
    }
  ],
  "epoch_3": [
    "logs/google/bert_uncased_L-4_H-256_A-4/checkpoints/train.4.pth",
    0.6508355521275058,
    {
      "accuracy01": 0.6508355521275058,
      "f1_score": 0.7518774984675574,
      "loss": 0.6413960055814258
    }
  ],
  "epoch_4": [
    "logs/google/bert_uncased_L-4_H-256_A-4/checkpoints/train.5.pth",
    0.6508355521275057,
    {
      "accuracy01": 0.6508355521275057,
      "f1_score": 0.758070084616199,
      "loss": 0.6348871464465099
    }
  ],
  "epoch_5": [
    "logs/google/bert_uncased_L-4_H-256_A-4/checkpoints/train.6.pth",
    0.6508355507120925,
    {
      "accuracy01": 0.6508355507120925,
      "f1_score": 0.7552774379039974,
      "loss": 0.6306674445839234
    }
  ],
  "epoch_6": [
    "logs/google/bert_uncased_L-4_H-256_A-4/checkpoints/train.7.pth",
    0.6543535819783372,
    {
      "accuracy01": 0.6543535819783372,
      "f1_score": 0.7541937168106768,
      "loss": 0.6260928223818779
    }
  ],
  "epoch_7": [
    "logs/google/bert_uncased_L-4_H-256_A-4/checkpoints/train.8.pth",
    0.6631486568413175,
    {
      "accuracy01": 0.6631486568413175,
      "f1_score": 0.7550919824683306,
      "loss": 0.6223006730501125
    }
  ],
  "epoch_8": [
    "logs/google/bert_uncased_L-4_H-256_A-4/checkpoints/train.9.pth",
    0.6600703820389623,
    {
      "accuracy01": 0.6600703820389623,
      "f1_score": 0.7323700105593142,
      "loss": 0.6180362011008651
    }
  ],
  "epoch_9": [
    "logs/google/bert_uncased_L-4_H-256_A-4/checkpoints/train.10.pth",
    0.6591908747728393,
    {
      "accuracy01": 0.6591908747728393,
      "f1_score": 0.7312665421772002,
      "loss": 0.6163697473134718
    }
  ],
  "epoch_10": [
    "logs/google/bert_uncased_L-4_H-256_A-4/checkpoints/train.11.pth",
    0.6662269340026973,
    {
      "accuracy01": 0.6662269340026973,
      "f1_score": 0.7451604659312734,
      "loss": 0.6155842407397674
    }
  ],
  "epoch_11": [
    "logs/google/bert_uncased_L-4_H-256_A-4/checkpoints/train.12.pth",
    0.6631486592003412,
    {
      "accuracy01": 0.6631486592003412,
      "f1_score": 0.7362526119067284,
      "loss": 0.6147939194003635
    }
  ]
}